"Age","Attrition","BusinessTravel","DistanceFromHome","JobSatisfaction","MonthlyIncome","NumCompaniesWorked","OverTime","RelationshipSatisfaction","TrainingTimesLastYear","YearsInCurrentRole"
41,"Yes","Travel_Rarely",1,4,5993,8,"Yes",1,0,4
33,"No","Travel_Frequently",3,3,2909,1,"Yes",3,3,7
27,"No","Travel_Rarely",2,2,3468,9,"No",4,3,2
32,"No","Travel_Frequently",2,4,3068,0,"No",3,2,7
59,"No","Travel_Rarely",3,1,2670,4,"Yes",1,3,0
30,"No","Travel_Rarely",24,3,2693,1,"No",2,2,0
36,"No","Travel_Rarely",27,3,5237,6,"No",2,3,7
35,"No","Travel_Rarely",16,2,2426,0,"No",3,5,4
31,"No","Travel_Rarely",26,3,2911,1,"No",4,1,2
34,"No","Travel_Rarely",19,4,2661,0,"No",3,2,2
29,"No","Travel_Rarely",21,1,9980,1,"No",3,1,9
32,"No","Travel_Rarely",5,2,3298,0,"Yes",4,5,2
22,"No","Non-Travel",16,4,2935,1,"Yes",2,2,0
38,"No","Travel_Rarely",2,4,3944,5,"Yes",3,3,2
24,"No","Non-Travel",11,3,4011,0,"No",4,5,2
34,"No","Travel_Rarely",7,2,11994,0,"No",3,4,6
21,"No","Travel_Rarely",15,4,1232,1,"No",4,6,0
34,"Yes","Travel_Rarely",6,1,2960,2,"No",3,2,2
53,"No","Travel_Rarely",5,3,19094,4,"No",4,3,13
42,"No","Travel_Rarely",8,2,6825,0,"No",4,2,7
46,"No","Travel_Rarely",2,1,18947,3,"No",4,2,2
33,"No","Travel_Rarely",2,4,2496,4,"No",4,3,1
44,"No","Travel_Rarely",10,4,6465,2,"Yes",4,5,2
39,"Yes","Travel_Rarely",5,4,2086,3,"No",3,6,0
24,"Yes","Travel_Rarely",1,4,2293,2,"Yes",1,2,0
43,"No","Travel_Rarely",2,3,2645,1,"No",4,3,3
35,"No","Travel_Rarely",2,4,2014,1,"No",1,3,2
33,"No","Travel_Frequently",1,1,5376,2,"No",1,3,3
35,"No","Travel_Rarely",4,4,1951,1,"No",3,3,0
27,"No","Travel_Rarely",2,1,2341,1,"No",4,6,0
27,"No","Travel_Frequently",8,3,8726,1,"No",4,0,8
30,"No","Travel_Frequently",1,4,4011,1,"No",4,2,8
41,"Yes","Travel_Rarely",12,3,19545,1,"No",4,0,15
34,"No","Non-Travel",23,3,4568,0,"No",3,2,5
37,"No","Travel_Rarely",19,2,3022,4,"No",1,1,0
46,"No","Travel_Frequently",5,4,5772,4,"Yes",3,4,6
35,"No","Travel_Rarely",8,4,2269,1,"No",4,2,0
28,"Yes","Travel_Rarely",5,3,3441,1,"Yes",3,3,2
44,"No","Travel_Rarely",1,1,5454,5,"Yes",3,2,3
33,"No","Travel_Frequently",1,4,13458,1,"Yes",3,1,14
35,"No","Travel_Frequently",18,1,9069,1,"No",4,3,8
35,"No","Travel_Rarely",23,1,4014,3,"Yes",3,3,2
31,"No","Travel_Rarely",7,4,5915,3,"No",4,3,7
32,"No","Travel_Rarely",1,4,6162,1,"Yes",2,3,8
38,"No","Travel_Frequently",29,4,2406,1,"No",4,2,3
59,"No","Travel_Rarely",25,1,7637,7,"No",4,3,16
36,"No","Travel_Rarely",8,3,10096,1,"No",2,2,14
55,"No","Travel_Rarely",8,3,14756,2,"Yes",3,2,0
45,"No","Travel_Rarely",7,1,9724,2,"No",3,2,0
35,"No","Travel_Frequently",1,1,2194,4,"No",4,2,2
29,"No","Travel_Rarely",2,2,2703,0,"No",4,3,4
31,"No","Travel_Rarely",1,2,2501,1,"No",2,4,1
32,"No","Travel_Rarely",1,2,6220,1,"No",2,3,4
36,"No","Travel_Rarely",6,4,3038,3,"No",2,3,0
31,"No","Travel_Rarely",8,4,4424,1,"No",4,2,7
45,"No","Travel_Rarely",6,1,13245,4,"Yes",2,3,0
37,"No","Travel_Rarely",7,3,13664,4,"No",1,3,2
46,"No","Travel_Rarely",5,2,5021,8,"Yes",4,2,2
55,"No","Travel_Rarely",1,4,10239,3,"No",4,4,0
34,"No","Travel_Rarely",1,2,4325,1,"No",3,2,2
23,"No","Travel_Rarely",2,1,2322,3,"No",3,3,0
51,"No","Travel_Rarely",9,4,2075,3,"No",2,4,2
51,"No","Travel_Rarely",21,4,5441,0,"Yes",4,2,7
32,"No","Travel_Rarely",6,3,5010,1,"No",1,0,8
54,"No","Travel_Rarely",2,3,13549,9,"No",1,5,3
24,"No","Travel_Rarely",3,3,4999,0,"No",1,2,2
28,"No","Non-Travel",4,3,4221,1,"No",2,3,4
58,"No","Travel_Rarely",10,3,13872,0,"No",3,1,10
44,"No","Non-Travel",23,2,2042,4,"No",3,3,2
37,"Yes","Travel_Rarely",6,1,2073,4,"Yes",4,3,2
32,"No","Travel_Rarely",1,1,2956,1,"No",4,2,0
34,"No","Travel_Rarely",6,3,4809,1,"No",3,3,13
50,"No","Travel_Frequently",1,2,18172,3,"Yes",1,1,3
22,"No","Travel_Rarely",15,4,2871,1,"No",3,5,0
54,"No","Non-Travel",26,4,17328,2,"Yes",3,3,3
24,"No","Travel_Rarely",18,3,2774,0,"No",3,2,3
37,"No","Travel_Rarely",3,4,7428,2,"No",1,3,3
36,"No","Travel_Frequently",11,4,9738,0,"No",3,6,7
36,"No","Travel_Rarely",3,4,2835,5,"No",1,2,0
43,"No","Travel_Frequently",26,4,16959,1,"Yes",4,3,12
33,"No","Non-Travel",22,2,6146,0,"No",1,2,7
56,"Yes","Travel_Rarely",14,2,4963,9,"Yes",1,2,4
51,"No","Travel_Rarely",6,3,19537,7,"No",3,5,18
58,"Yes","Travel_Rarely",23,4,10312,1,"No",4,3,10
19,"Yes","Travel_Rarely",22,3,1675,1,"Yes",4,2,0
22,"No","Travel_Rarely",2,4,2523,0,"No",3,2,1
49,"No","Travel_Rarely",20,1,6567,1,"No",3,2,11
43,"No","Travel_Frequently",28,3,4739,4,"No",4,2,2
50,"No","Travel_Frequently",12,4,9208,4,"No",4,3,2
41,"No","Travel_Rarely",9,3,8189,3,"Yes",3,2,7
26,"No","Travel_Rarely",25,3,2942,1,"No",4,3,7
36,"No","Travel_Rarely",6,2,4941,6,"No",4,0,2
30,"No","Travel_Rarely",9,4,6347,0,"Yes",4,2,9
32,"Yes","Travel_Rarely",9,1,4200,7,"No",1,2,4
45,"No","Travel_Rarely",29,4,3452,5,"No",2,2,5
38,"No","Travel_Rarely",3,3,4317,3,"Yes",2,2,2
30,"No","Travel_Rarely",18,3,2632,1,"No",3,4,4
30,"No","Travel_Rarely",5,1,3204,5,"No",4,3,2
41,"No","Travel_Rarely",9,1,2238,2,"No",4,2,0
19,"No","Travel_Rarely",3,2,1483,1,"No",4,3,0
40,"No","Travel_Frequently",26,2,5605,1,"No",1,2,7
35,"No","Travel_Rarely",1,2,7295,1,"No",1,3,8
53,"No","Travel_Rarely",6,3,2306,2,"Yes",4,3,7
45,"No","Travel_Rarely",9,2,2348,8,"No",3,2,9
32,"No","Travel_Frequently",8,4,8998,1,"No",4,2,8
29,"No","Non-Travel",1,3,4319,1,"No",1,1,7
34,"No","Travel_Frequently",2,3,2231,6,"No",4,3,3
22,"No","Travel_Rarely",19,4,2323,1,"No",1,6,2
27,"No","Non-Travel",9,2,2024,6,"No",4,1,2
28,"No","Travel_Rarely",21,4,2713,1,"No",3,2,2
57,"No","Travel_Rarely",24,4,9439,3,"Yes",2,2,3
50,"No","Travel_Rarely",11,2,19926,3,"No",2,5,4
41,"No","Travel_Rarely",14,3,2451,4,"No",1,2,8
30,"No","Travel_Rarely",5,4,9419,2,"No",3,2,9
32,"No","Travel_Rarely",6,3,3038,3,"No",1,2,4
27,"No","Travel_Rarely",17,2,3058,0,"Yes",4,3,2
36,"No","Travel_Frequently",3,2,2088,4,"No",3,3,7
30,"No","Non-Travel",9,1,3072,1,"No",3,4,9
45,"No","Travel_Rarely",4,1,5006,4,"Yes",1,3,4
56,"No","Travel_Rarely",8,1,4257,4,"Yes",3,3,2
33,"No","Travel_Rarely",2,4,2500,0,"No",1,2,1
46,"No","Travel_Rarely",1,1,10453,1,"No",3,2,13
38,"No","Travel_Rarely",9,4,2288,1,"No",3,3,2
31,"No","Travel_Rarely",12,4,3929,8,"Yes",3,0,2
34,"No","Travel_Rarely",27,2,2311,2,"No",4,3,2
41,"Yes","Travel_Rarely",20,2,3140,1,"Yes",4,5,3
53,"No","Travel_Rarely",13,1,4450,1,"No",3,3,2
33,"No","Travel_Rarely",14,2,2756,1,"No",4,5,7
40,"No","Travel_Rarely",4,3,19033,1,"No",2,2,8
55,"No","Travel_Rarely",14,2,18722,8,"No",4,3,15
51,"No","Travel_Rarely",3,2,13734,3,"No",3,6,7
27,"No","Travel_Rarely",9,2,2279,1,"No",4,2,7
43,"No","Non-Travel",7,4,2089,4,"No",4,3,4
37,"No","Travel_Rarely",21,1,3564,1,"Yes",1,3,7
35,"No","Travel_Frequently",2,2,4425,5,"No",4,5,2
42,"No","Non-Travel",21,3,5265,2,"No",2,5,3
38,"No","Travel_Rarely",2,3,6553,9,"No",2,3,0
38,"No","Travel_Rarely",29,4,6261,3,"No",1,3,7
49,"No","Non-Travel",18,4,6804,1,"Yes",1,0,7
34,"No","Travel_Frequently",10,3,3815,1,"Yes",4,4,3
40,"No","Travel_Rarely",19,4,2741,8,"Yes",3,2,2
38,"Yes","Travel_Rarely",29,1,6673,7,"Yes",2,2,0
29,"Yes","Travel_Rarely",27,4,7639,1,"No",4,3,4
22,"No","Travel_Rarely",5,2,2328,1,"Yes",1,2,2
36,"No","Travel_Frequently",18,4,2153,1,"No",1,2,1
46,"No","Travel_Rarely",1,1,9396,7,"No",3,3,2
27,"No","Travel_Frequently",20,3,9981,1,"No",4,2,7
30,"Yes","Travel_Rarely",3,1,2657,5,"Yes",3,5,2
41,"No","Travel_Rarely",6,4,13591,3,"Yes",3,3,0
29,"Yes","Travel_Rarely",1,3,2058,0,"No",4,1,2
54,"No","Travel_Rarely",3,1,5940,2,"No",4,4,2
36,"No","Travel_Rarely",5,2,5914,8,"No",4,3,11
37,"No","Travel_Frequently",11,4,12185,1,"Yes",3,1,8
38,"No","Travel_Rarely",3,3,10609,0,"No",3,6,10
37,"No","Travel_Frequently",4,4,2793,4,"No",3,2,8
29,"No","Travel_Frequently",1,4,7918,1,"No",4,5,10
35,"No","Travel_Frequently",1,3,8789,1,"No",1,3,7
42,"No","Travel_Rarely",4,4,19232,1,"No",4,3,17
59,"No","Travel_Rarely",6,3,2267,8,"No",4,2,2
50,"No","Travel_Rarely",1,4,19517,3,"No",3,3,0
33,"Yes","Travel_Rarely",14,4,2436,5,"Yes",3,2,4
43,"No","Travel_Rarely",16,4,16064,5,"Yes",3,3,13
33,"Yes","Travel_Rarely",2,1,2707,7,"No",1,3,7
32,"No","Travel_Rarely",4,2,3931,2,"No",1,5,3
39,"No","Travel_Rarely",1,3,2232,7,"No",3,1,2
32,"No","Non-Travel",26,4,4465,0,"No",1,2,2
41,"No","Travel_Rarely",19,1,3072,2,"No",1,2,0
40,"No","Travel_Rarely",24,4,3319,1,"No",1,3,8
45,"No","Travel_Rarely",1,4,19202,0,"No",3,2,0
31,"No","Travel_Frequently",3,3,13675,9,"No",1,3,2
45,"No","Travel_Frequently",7,3,6434,4,"No",4,1,2
37,"Yes","Travel_Frequently",10,3,10048,6,"No",2,5,0
39,"No","Travel_Frequently",2,3,10938,0,"No",4,1,6
29,"No","Travel_Rarely",15,4,2340,1,"No",1,1,5
42,"No","Travel_Rarely",17,1,6545,3,"Yes",3,1,2
29,"No","Travel_Rarely",20,4,6931,2,"No",4,2,2
25,"No","Travel_Rarely",1,3,4898,0,"No",4,3,2
40,"No","Travel_Rarely",2,3,19436,0,"No",4,5,7
51,"No","Travel_Rarely",1,4,2723,1,"No",2,0,0
32,"No","Travel_Frequently",7,2,2794,1,"No",3,3,1
28,"Yes","Travel_Rarely",2,3,3485,2,"No",3,5,0
25,"No","Non-Travel",5,1,4000,1,"No",4,2,3
45,"No","Travel_Rarely",20,4,13496,0,"Yes",2,2,7
36,"No","Travel_Rarely",6,4,3210,0,"No",3,4,13
55,"No","Travel_Rarely",1,1,19045,0,"Yes",3,2,10
47,"Yes","Non-Travel",29,2,11849,1,"Yes",4,2,7
28,"No","Travel_Rarely",9,4,2070,1,"No",4,3,2
37,"No","Travel_Rarely",6,4,6502,4,"No",2,5,4
37,"No","Non-Travel",1,4,13603,2,"Yes",1,2,2
35,"No","Travel_Rarely",22,2,11996,7,"No",2,6,7
38,"No","Travel_Rarely",7,1,5605,1,"Yes",3,3,0
26,"No","Travel_Frequently",1,2,6397,1,"No",1,6,5
50,"No","Travel_Rarely",4,2,19144,3,"No",1,4,4
53,"No","Travel_Rarely",3,3,17584,3,"Yes",4,5,3
42,"No","Travel_Rarely",1,3,4907,1,"No",3,3,16
29,"No","Travel_Frequently",2,4,4554,1,"No",1,3,7
55,"No","Travel_Rarely",20,4,5415,3,"Yes",4,4,7
26,"No","Travel_Frequently",11,1,4741,1,"Yes",3,3,3
37,"No","Travel_Rarely",1,4,2115,1,"No",2,3,12
44,"Yes","Travel_Frequently",24,3,3161,3,"Yes",4,0,0
38,"No","Travel_Rarely",23,4,5745,9,"No",2,2,2
26,"Yes","Travel_Rarely",16,2,2373,2,"Yes",4,2,2
28,"No","Travel_Rarely",8,4,3310,1,"No",4,3,3
49,"No","Travel_Frequently",10,1,18665,9,"Yes",4,4,2
36,"No","Travel_Rarely",3,2,4485,4,"No",4,2,0
31,"No","Travel_Frequently",5,2,2789,1,"No",3,5,2
37,"No","Travel_Frequently",9,4,2326,1,"Yes",3,3,2
42,"No","Travel_Frequently",26,2,13525,5,"No",4,2,4
18,"Yes","Travel_Rarely",3,3,1420,1,"No",3,2,0
35,"No","Travel_Rarely",16,2,8020,0,"No",3,3,9
36,"No","Travel_Frequently",18,4,3688,4,"No",4,2,0
41,"No","Travel_Rarely",2,2,16015,1,"No",2,2,10
28,"No","Travel_Rarely",16,1,5661,0,"No",3,2,3
31,"No","Travel_Rarely",7,4,6929,4,"No",2,3,7
39,"No","Travel_Rarely",1,4,9613,0,"No",1,5,10
36,"No","Non-Travel",24,2,5674,7,"No",3,3,8
31,"No","Travel_Rarely",5,4,4821,0,"Yes",3,4,2
45,"No","Travel_Frequently",7,1,5210,1,"No",1,2,9
31,"No","Travel_Rarely",2,4,2695,0,"Yes",2,2,2
33,"No","Travel_Frequently",5,2,11878,6,"No",2,2,6
39,"No","Travel_Rarely",10,1,17068,1,"Yes",4,3,9
43,"No","Travel_Frequently",10,4,2455,0,"No",1,5,7
27,"No","Travel_Rarely",5,2,2478,1,"Yes",2,2,3
27,"No","Travel_Rarely",2,3,4478,1,"Yes",1,3,4
31,"No","Travel_Rarely",7,4,7547,4,"No",4,3,7
32,"No","Travel_Rarely",2,4,5055,7,"No",3,0,7
30,"No","Travel_Rarely",28,4,5775,1,"No",4,2,8
39,"Yes","Travel_Rarely",3,3,5238,4,"Yes",1,3,0
47,"No","Travel_Rarely",5,3,18300,4,"No",2,2,2
27,"No","Non-Travel",1,2,6349,0,"Yes",4,0,4
54,"No","Travel_Frequently",20,3,4869,3,"No",4,4,3
43,"No","Travel_Rarely",7,1,9985,8,"No",1,1,0
45,"No","Travel_Rarely",8,4,3697,9,"No",1,3,9
27,"No","Travel_Rarely",8,2,6214,1,"No",1,3,7
37,"No","Travel_Rarely",5,4,6347,7,"No",3,2,2
31,"No","Travel_Rarely",7,4,7143,1,"Yes",3,2,9
35,"No","Travel_Rarely",5,2,8095,0,"No",4,5,6
23,"No","Travel_Rarely",26,4,2904,1,"No",3,2,2
47,"No","Travel_Frequently",4,3,2976,3,"No",1,3,0
42,"No","Travel_Rarely",23,4,15992,2,"No",2,2,0
29,"No","Non-Travel",2,3,4649,1,"No",1,3,3
42,"No","Travel_Rarely",2,3,2696,0,"Yes",3,5,2
32,"No","Travel_Rarely",2,2,2370,1,"No",3,4,0
48,"No","Travel_Rarely",29,3,12504,3,"No",2,3,0
37,"No","Travel_Rarely",6,1,5974,4,"Yes",1,2,7
30,"No","Non-Travel",25,3,4736,7,"Yes",2,2,2
26,"No","Travel_Rarely",1,3,5296,1,"No",2,3,7
36,"No","Non-Travel",1,4,6653,4,"No",2,6,0
57,"No","Travel_Rarely",1,3,6755,2,"No",3,2,2
40,"No","Travel_Rarely",10,3,2213,3,"Yes",3,3,7
21,"No","Non-Travel",9,4,2610,1,"No",3,3,2
33,"Yes","Travel_Rarely",5,3,2851,1,"Yes",2,2,0
37,"No","Travel_Rarely",10,1,3452,6,"No",2,3,4
46,"No","Non-Travel",7,3,5258,2,"No",3,2,0
41,"Yes","Travel_Frequently",4,2,9355,1,"No",3,5,7
21,"Yes","Travel_Rarely",12,2,2716,1,"No",4,0,0
29,"No","Travel_Rarely",23,4,2201,9,"No",4,4,2
27,"No","Travel_Rarely",1,2,3816,1,"No",2,2,2
28,"No","Travel_Rarely",9,4,5253,1,"No",4,1,5
51,"No","Travel_Rarely",14,4,4936,4,"No",3,2,7
36,"No","Travel_Rarely",2,3,2543,4,"No",2,3,2
34,"Yes","Non-Travel",19,4,5304,8,"Yes",2,3,2
55,"No","Travel_Rarely",2,4,16659,2,"Yes",3,2,4
24,"No","Travel_Rarely",10,3,4260,1,"Yes",4,2,2
30,"No","Travel_Rarely",2,2,2476,1,"No",1,3,0
26,"Yes","Travel_Frequently",3,1,3102,0,"No",3,2,4
22,"No","Travel_Rarely",11,2,2244,1,"No",4,1,1
30,"Yes","Travel_Frequently",4,4,2285,9,"Yes",3,4,0
37,"No","Travel_Rarely",14,1,3034,1,"No",3,2,7
40,"No","Travel_Rarely",2,2,5715,7,"No",3,5,4
42,"No","Travel_Rarely",1,1,2576,3,"No",2,5,2
37,"No","Travel_Rarely",10,2,4197,2,"Yes",4,2,0
54,"No","Travel_Rarely",5,1,19406,4,"No",3,4,2
34,"No","Non-Travel",4,3,6538,9,"No",1,3,2
31,"No","Travel_Rarely",7,1,4306,1,"No",2,5,10
43,"No","Travel_Frequently",21,4,2258,7,"No",1,1,2
43,"No","Travel_Rarely",8,3,4522,4,"Yes",4,3,2
37,"No","Non-Travel",25,3,4449,3,"Yes",1,2,11
39,"No","Travel_Frequently",1,3,19197,1,"Yes",3,3,8
56,"No","Travel_Frequently",6,1,13212,9,"No",4,0,7
30,"No","Travel_Rarely",12,3,6577,0,"No",2,6,4
41,"No","Travel_Rarely",1,1,8392,1,"No",3,2,7
28,"No","Travel_Rarely",17,1,4558,1,"No",4,2,0
25,"Yes","Travel_Rarely",3,1,4031,5,"No",3,5,2
45,"No","Travel_Rarely",10,4,2654,3,"No",4,3,2
52,"No","Travel_Rarely",4,4,16555,2,"No",4,2,2
42,"No","Travel_Frequently",29,3,4556,2,"No",2,3,4
60,"No","Travel_Rarely",7,1,19566,5,"No",4,5,8
46,"No","Travel_Rarely",18,3,4810,2,"No",3,5,7
24,"Yes","Travel_Rarely",1,2,3202,1,"Yes",2,4,3
38,"No","Travel_Frequently",2,4,1702,1,"Yes",3,3,0
40,"No","Travel_Rarely",2,3,18041,0,"No",4,2,15
26,"No","Travel_Rarely",23,4,2886,1,"No",2,3,2
30,"No","Non-Travel",3,4,2097,4,"No",3,3,3
30,"No","Non-Travel",22,1,8412,0,"No",3,3,8
30,"No","Non-Travel",2,4,2564,0,"No",3,2,7
47,"No","Travel_Rarely",2,4,5070,5,"No",3,2,0
46,"No","Travel_Rarely",2,3,17861,6,"No",3,2,2
54,"No","Travel_Rarely",8,3,3780,7,"No",3,3,0
31,"No","Travel_Rarely",9,2,10648,1,"No",4,6,8
33,"Yes","Travel_Rarely",15,3,13610,7,"Yes",4,2,6
30,"No","Travel_Rarely",7,2,2983,0,"No",1,3,2
35,"No","Travel_Rarely",16,3,7632,4,"Yes",3,2,7
31,"Yes","Travel_Frequently",20,3,9824,3,"No",1,2,0
34,"Yes","Travel_Frequently",23,1,9950,9,"Yes",3,2,2
42,"No","Travel_Frequently",5,3,2093,4,"No",4,4,2
36,"No","Non-Travel",10,4,9980,1,"No",4,3,3
48,"No","Travel_Rarely",2,4,4051,2,"No",1,2,7
55,"No","Travel_Rarely",18,2,16835,3,"No",4,2,9
41,"No","Non-Travel",10,4,6230,7,"No",4,3,3
35,"No","Travel_Rarely",1,3,4717,9,"No",3,2,9
40,"No","Travel_Rarely",6,3,13237,7,"No",3,3,6
39,"No","Travel_Frequently",8,3,3755,1,"No",1,3,3
31,"No","Travel_Rarely",2,4,6582,4,"Yes",3,2,5
42,"No","Travel_Rarely",24,1,7406,1,"Yes",4,5,9
45,"No","Travel_Rarely",2,2,4805,0,"No",2,3,7
26,"Yes","Travel_Frequently",17,3,2741,0,"Yes",2,2,7
29,"No","Travel_Rarely",19,4,4262,4,"No",2,2,2
33,"No","Travel_Rarely",1,3,16184,4,"No",3,2,1
18,"Yes","Travel_Frequently",5,2,1878,1,"Yes",4,3,0
26,"No","Travel_Rarely",29,3,4306,5,"No",1,5,0
35,"No","Travel_Rarely",1,3,4859,1,"No",4,3,4
34,"No","Travel_Rarely",21,4,5337,1,"No",4,3,7
37,"No","Travel_Rarely",1,4,7491,4,"No",4,3,5
46,"No","Travel_Frequently",18,3,10527,5,"No",4,3,2
41,"No","Travel_Rarely",2,1,16595,7,"No",2,2,16
37,"No","Non-Travel",9,2,8834,1,"No",4,6,5
52,"No","Travel_Rarely",6,1,5577,3,"Yes",2,3,9
32,"Yes","Non-Travel",11,3,4707,8,"No",4,2,2
24,"No","Travel_Frequently",24,4,2400,0,"No",3,3,2
38,"No","Travel_Rarely",10,3,9824,3,"No",3,4,0
37,"No","Travel_Rarely",1,2,6447,6,"No",2,2,5
24,"No","Travel_Rarely",23,4,2725,1,"Yes",2,3,5
26,"No","Travel_Rarely",28,2,6272,1,"No",4,5,3
50,"No","Travel_Frequently",3,2,18200,1,"No",3,2,5
25,"No","Travel_Rarely",13,3,2096,1,"No",3,1,4
24,"Yes","Travel_Frequently",7,3,2886,1,"Yes",4,4,3
31,"Yes","Travel_Rarely",13,1,4233,2,"No",3,2,1
31,"No","Travel_Rarely",6,4,5460,4,"No",4,4,7
37,"No","Travel_Rarely",2,3,9602,4,"Yes",3,3,0
42,"No","Travel_Rarely",2,4,4089,1,"No",2,4,2
38,"No","Travel_Rarely",1,1,2619,3,"No",4,3,0
43,"No","Travel_Frequently",9,3,5679,3,"Yes",2,3,7
34,"No","Travel_Rarely",14,3,2579,1,"Yes",4,3,2
27,"Yes","Travel_Rarely",2,1,3041,0,"No",2,3,3
21,"No","Travel_Rarely",22,3,3447,1,"No",3,2,2
44,"No","Travel_Rarely",3,4,19513,4,"Yes",1,2,2
22,"No","Travel_Rarely",6,3,2773,0,"No",4,3,2
33,"No","Travel_Rarely",8,3,7104,0,"No",4,3,0
32,"No","Travel_Rarely",9,4,6322,1,"Yes",4,2,4
30,"No","Travel_Frequently",3,3,2083,1,"No",3,2,0
53,"No","Travel_Rarely",1,1,8381,7,"No",4,2,7
34,"No","Travel_Rarely",1,4,2691,1,"No",4,4,9
45,"Yes","Travel_Frequently",26,1,4286,2,"No",4,4,1
26,"No","Travel_Rarely",6,4,2659,1,"Yes",3,2,2
37,"No","Travel_Rarely",3,3,9434,1,"No",3,2,7
29,"No","Travel_Rarely",3,3,5561,1,"No",1,5,0
33,"No","Travel_Frequently",6,4,7725,3,"No",3,2,11
54,"No","Travel_Rarely",19,2,10725,2,"No",3,1,7
20,"Yes","Travel_Rarely",10,3,1009,1,"Yes",4,5,0
33,"Yes","Travel_Frequently",3,1,3348,1,"Yes",1,3,8
23,"No","Travel_Rarely",4,1,2819,2,"No",1,3,2
25,"No","Travel_Rarely",8,2,4851,0,"No",3,4,2
48,"No","Travel_Rarely",2,2,8120,3,"No",4,3,2
27,"No","Travel_Frequently",3,4,4647,1,"Yes",2,3,5
37,"No","Travel_Rarely",10,4,4680,3,"No",1,2,0
50,"No","Travel_Rarely",28,3,3221,1,"Yes",3,3,8
24,"Yes","Travel_Rarely",3,3,4577,9,"No",1,3,2
32,"No","Travel_Rarely",10,4,5396,1,"No",4,2,7
50,"Yes","Travel_Frequently",8,3,6796,3,"Yes",1,4,3
38,"No","Travel_Rarely",1,4,7625,0,"No",3,4,7
27,"No","Travel_Rarely",1,1,7412,1,"No",4,3,7
32,"No","Travel_Rarely",3,4,11159,3,"No",4,6,7
47,"No","Travel_Rarely",14,1,4960,2,"No",4,2,7
53,"No","Travel_Rarely",7,3,14814,3,"No",3,3,1
60,"No","Travel_Rarely",16,1,5405,8,"No",4,1,2
27,"No","Travel_Frequently",10,1,8793,1,"No",3,4,7
50,"No","Travel_Rarely",8,2,3875,7,"No",4,2,2
36,"No","Non-Travel",8,1,11713,9,"No",1,2,7
38,"No","Travel_Rarely",1,3,7861,4,"Yes",4,4,0
47,"No","Travel_Frequently",3,3,13770,9,"Yes",4,2,2
30,"No","Travel_Rarely",27,4,5304,7,"No",4,2,7
29,"No","Travel_Rarely",10,3,2642,1,"No",3,6,0
42,"Yes","Travel_Frequently",19,3,2759,6,"Yes",4,2,2
34,"No","Travel_Rarely",8,3,6142,3,"No",4,2,1
23,"No","Travel_Rarely",9,1,2500,1,"No",4,2,3
39,"No","Travel_Rarely",3,2,6389,9,"No",3,3,3
56,"No","Travel_Rarely",9,4,11103,7,"No",3,1,7
29,"No","Travel_Rarely",10,2,2297,1,"No",4,2,2
53,"No","Travel_Rarely",6,4,2450,2,"No",4,4,2
35,"No","Non-Travel",2,1,5093,2,"No",1,2,0
32,"No","Travel_Frequently",24,4,5309,1,"No",4,2,8
38,"No","Travel_Rarely",2,3,3057,6,"Yes",2,0,0
34,"No","Travel_Rarely",8,1,5121,3,"No",3,3,0
33,"Yes","Travel_Rarely",1,4,2686,1,"Yes",3,2,9
25,"No","Travel_Rarely",26,4,6180,1,"No",2,5,5
23,"No","Travel_Rarely",10,3,3505,1,"No",4,3,2
47,"Yes","Travel_Frequently",27,3,6397,4,"Yes",4,2,4
34,"No","Travel_Rarely",2,4,6274,1,"No",3,5,5
55,"Yes","Travel_Rarely",2,1,19859,5,"Yes",4,2,2
52,"No","Non-Travel",19,4,4258,0,"No",1,3,3
29,"No","Travel_Rarely",27,3,4335,4,"No",1,3,7
34,"No","Travel_Rarely",1,4,3280,2,"No",3,2,2
54,"No","Travel_Rarely",19,1,5485,9,"Yes",2,4,3
27,"No","Travel_Frequently",8,4,4342,0,"No",2,3,2
37,"No","Travel_Rarely",10,1,2782,0,"Yes",2,3,3
38,"No","Travel_Frequently",2,1,5980,6,"Yes",4,2,7
35,"No","Travel_Rarely",8,4,2572,1,"No",2,1,2
40,"No","Travel_Frequently",2,2,4244,1,"No",4,2,7
34,"No","Travel_Rarely",8,1,6500,5,"No",2,1,2
42,"No","Travel_Frequently",8,4,18430,1,"No",2,4,7
23,"Yes","Travel_Rarely",6,1,1601,1,"Yes",3,2,0
52,"No","Travel_Rarely",11,3,3149,8,"No",2,3,2
50,"No","Travel_Rarely",2,3,17639,5,"No",4,3,3
33,"No","Travel_Rarely",7,3,11691,0,"No",4,3,9
33,"Yes","Travel_Rarely",16,1,5324,5,"No",3,3,2
47,"No","Travel_Rarely",2,4,16752,1,"Yes",3,3,14
36,"No","Travel_Rarely",1,2,5228,0,"No",1,2,7
29,"No","Travel_Rarely",23,3,2700,1,"No",3,3,7
58,"Yes","Travel_Rarely",2,2,19246,7,"Yes",4,2,15
35,"No","Travel_Rarely",1,3,2506,3,"No",3,0,2
28,"Yes","Travel_Rarely",2,3,4382,6,"No",4,3,2
36,"No","Travel_Rarely",13,2,2143,4,"No",2,2,2
42,"No","Travel_Rarely",29,2,4434,1,"No",4,3,8
49,"Yes","Travel_Rarely",11,4,7654,1,"No",1,3,8
55,"Yes","Travel_Rarely",2,4,5160,4,"No",3,3,7
43,"No","Travel_Rarely",14,1,17159,6,"No",3,3,1
35,"No","Travel_Rarely",7,3,10221,3,"No",2,3,5
28,"No","Travel_Rarely",2,2,4779,1,"Yes",1,2,7
34,"No","Travel_Rarely",3,4,3737,0,"No",3,1,2
27,"No","Non-Travel",3,4,1706,1,"No",3,6,0
51,"No","Travel_Rarely",26,3,16307,2,"No",3,2,6
44,"No","Travel_Rarely",4,2,5933,9,"No",4,2,2
25,"No","Travel_Rarely",2,1,3424,7,"No",3,3,3
33,"No","Travel_Rarely",1,1,4037,1,"No",1,5,8
36,"No","Travel_Rarely",1,4,6201,1,"Yes",4,1,14
32,"No","Travel_Rarely",13,4,4403,2,"No",3,3,2
45,"No","Travel_Rarely",9,1,10761,4,"Yes",3,2,4
32,"No","Travel_Rarely",8,3,5175,5,"No",3,3,3
44,"No","Travel_Rarely",8,4,2818,2,"Yes",3,2,2
42,"No","Travel_Frequently",2,4,2515,5,"Yes",4,2,1
25,"No","Travel_Rarely",3,1,4194,1,"Yes",4,3,3
35,"Yes","Travel_Frequently",25,2,2022,1,"Yes",1,3,2
32,"No","Non-Travel",1,4,2314,0,"No",2,2,0
49,"No","Travel_Rarely",1,1,3580,2,"No",2,2,2
32,"No","Travel_Frequently",5,2,6524,1,"No",4,3,8
42,"No","Travel_Rarely",3,4,5231,2,"Yes",2,1,3
31,"No","Travel_Rarely",11,4,2356,3,"Yes",2,2,4
53,"No","Travel_Rarely",8,4,11836,5,"No",3,3,0
37,"No","Travel_Frequently",21,4,2973,5,"No",2,3,4
53,"No","Travel_Rarely",23,4,14275,6,"No",3,0,9
43,"No","Travel_Frequently",1,4,5562,4,"No",2,2,2
47,"No","Travel_Rarely",2,4,4537,0,"Yes",1,2,6
37,"No","Non-Travel",19,2,7642,1,"Yes",4,2,0
50,"No","Non-Travel",2,1,17924,1,"No",4,3,6
33,"No","Travel_Rarely",3,2,2277,3,"Yes",3,4,3
32,"Yes","Travel_Rarely",25,4,2795,1,"Yes",3,2,0
44,"No","Travel_Rarely",9,1,2559,1,"Yes",4,0,7
28,"No","Travel_Rarely",5,4,4908,1,"No",2,3,2
43,"No","Travel_Rarely",8,2,4765,4,"No",3,2,0
21,"Yes","Travel_Rarely",18,4,2693,1,"No",1,3,0
36,"No","Travel_Rarely",14,4,6586,0,"Yes",1,2,8
22,"Yes","Travel_Rarely",3,3,4171,0,"Yes",1,3,2
28,"No","Travel_Rarely",9,3,2377,5,"No",2,2,2
39,"Yes","Travel_Rarely",6,1,2404,7,"Yes",4,2,2
27,"No","Travel_Rarely",4,3,2318,1,"No",3,2,1
34,"No","Travel_Rarely",10,2,2008,1,"No",2,3,0
35,"No","Travel_Rarely",21,4,4014,1,"Yes",4,2,6
49,"No","Travel_Rarely",8,2,7403,4,"No",3,3,9
48,"No","Travel_Rarely",20,3,2259,4,"No",1,2,0
31,"No","Non-Travel",20,3,6932,1,"No",4,2,8
36,"No","Travel_Rarely",7,4,4678,2,"No",3,6,2
38,"No","Travel_Rarely",1,1,13582,1,"No",2,3,12
41,"No","Travel_Rarely",6,1,4721,2,"Yes",3,3,13
36,"No","Travel_Rarely",2,3,2519,4,"No",3,6,8
20,"Yes","Travel_Rarely",4,1,2973,1,"No",2,2,0
31,"No","Travel_Rarely",12,4,5855,0,"Yes",3,2,7
40,"No","Travel_Frequently",9,2,3617,8,"Yes",4,2,1
32,"No","Travel_Rarely",3,1,6725,1,"No",3,2,7
45,"No","Non-Travel",4,2,4447,1,"No",2,5,7
29,"No","Travel_Frequently",20,4,2157,1,"No",2,5,1
35,"No","Travel_Rarely",18,3,4601,1,"No",2,3,2
52,"No","Travel_Rarely",1,4,17099,2,"No",2,2,8
58,"Yes","Travel_Rarely",2,3,2479,4,"No",1,4,0
53,"No","Travel_Rarely",2,3,14852,6,"No",3,3,13
30,"No","Travel_Rarely",8,3,7264,5,"No",1,2,4
38,"No","Non-Travel",10,4,5666,1,"Yes",2,1,3
35,"No","Travel_Rarely",3,4,7823,6,"No",2,2,9
39,"No","Travel_Rarely",2,3,7880,0,"No",4,3,7
40,"Yes","Non-Travel",24,2,13194,4,"Yes",4,2,0
47,"No","Travel_Frequently",16,3,5067,1,"Yes",3,3,10
36,"No","Non-Travel",8,4,5079,4,"No",4,3,7
33,"No","Non-Travel",17,3,17444,1,"No",4,2,8
33,"No","Travel_Rarely",13,4,3452,3,"No",1,4,2
45,"No","Travel_Rarely",1,4,2270,3,"No",4,2,3
50,"No","Travel_Rarely",1,4,17399,9,"No",3,1,4
33,"No","Travel_Frequently",1,2,5488,1,"Yes",1,2,5
41,"No","Travel_Frequently",9,3,19419,2,"No",2,2,16
27,"No","Travel_Rarely",16,2,2811,9,"No",2,2,2
45,"No","Non-Travel",23,1,3633,1,"Yes",3,2,8
47,"No","Travel_Rarely",4,4,4163,1,"Yes",3,0,0
30,"Yes","Travel_Rarely",22,3,2132,4,"Yes",2,2,2
50,"No","Travel_Rarely",24,3,13973,3,"Yes",4,2,11
38,"No","Travel_Frequently",10,3,2684,0,"No",2,0,1
46,"No","Travel_Rarely",7,3,10845,6,"No",2,3,7
31,"No","Travel_Frequently",1,1,4148,1,"No",3,1,3
18,"No","Non-Travel",5,4,1051,1,"No",4,2,0
54,"No","Travel_Rarely",17,3,10739,8,"No",3,2,7
35,"No","Travel_Rarely",25,3,10388,1,"Yes",3,3,10
30,"No","Travel_Rarely",8,1,11416,0,"Yes",3,4,7
30,"Yes","Travel_Frequently",5,2,2422,0,"No",1,3,2
26,"No","Travel_Rarely",2,4,5472,1,"No",2,2,7
41,"No","Travel_Rarely",7,3,5003,6,"No",2,6,2
27,"No","Travel_Rarely",2,4,4227,0,"No",2,2,2
35,"No","Travel_Rarely",10,4,3917,1,"No",1,4,2
42,"No","Travel_Rarely",5,3,18303,6,"No",2,3,0
50,"No","Travel_Rarely",9,4,2380,4,"No",2,5,0
55,"No","Travel_Frequently",18,2,6385,3,"Yes",4,3,7
38,"No","Travel_Rarely",3,4,6861,8,"Yes",3,1,0
44,"No","Travel_Rarely",28,4,13320,3,"Yes",3,2,11
50,"No","Non-Travel",1,3,6347,0,"No",1,3,7
36,"Yes","Travel_Rarely",16,1,2743,1,"No",3,1,13
39,"No","Travel_Frequently",22,1,10880,1,"Yes",3,2,6
45,"No","Travel_Rarely",11,4,17650,3,"No",2,4,3
32,"No","Non-Travel",29,3,4025,9,"No",2,2,7
34,"No","Travel_Rarely",1,4,9725,0,"No",4,2,1
59,"No","Travel_Rarely",1,4,11904,3,"Yes",3,1,4
45,"No","Travel_Rarely",24,2,2177,1,"No",1,3,3
36,"Yes","Travel_Rarely",15,3,4834,7,"No",2,3,0
26,"Yes","Travel_Frequently",2,1,2042,6,"Yes",2,2,2
34,"No","Travel_Rarely",10,3,2220,1,"Yes",4,2,1
28,"No","Travel_Rarely",10,2,1052,1,"No",2,5,0
38,"No","Travel_Frequently",3,3,2821,3,"No",1,2,2
50,"No","Travel_Rarely",2,3,19237,2,"Yes",4,2,1
37,"No","Travel_Rarely",3,2,4107,3,"No",1,3,3
40,"No","Travel_Rarely",26,1,8396,1,"No",2,3,7
46,"No","Travel_Rarely",1,4,19627,9,"No",4,0,2
56,"No","Travel_Frequently",9,3,2942,2,"No",2,4,4
20,"Yes","Travel_Frequently",9,4,2323,1,"Yes",2,3,2
51,"Yes","Travel_Rarely",4,3,2461,9,"Yes",3,2,0
30,"No","Travel_Rarely",20,1,9957,0,"No",3,1,2
41,"No","Travel_Rarely",7,3,3376,1,"No",3,3,6
40,"No","Travel_Rarely",20,4,10322,4,"No",4,6,10
55,"No","Travel_Frequently",2,2,10976,3,"No",2,4,2
28,"No","Travel_Rarely",10,3,3660,3,"No",4,4,7
35,"Yes","Travel_Rarely",4,1,9582,0,"Yes",1,2,7
28,"No","Travel_Rarely",15,3,2207,1,"No",4,5,2
34,"No","Travel_Frequently",3,4,7756,0,"No",3,1,2
25,"Yes","Travel_Rarely",4,4,3691,1,"Yes",2,3,7
26,"Yes","Travel_Rarely",21,3,2377,1,"No",3,0,1
42,"No","Travel_Rarely",2,1,17665,0,"No",4,3,6
50,"Yes","Travel_Frequently",1,3,4728,3,"Yes",4,4,0
33,"No","Travel_Frequently",7,2,4302,0,"No",3,3,2
48,"No","Non-Travel",1,4,16885,2,"No",3,3,4
52,"No","Travel_Rarely",7,2,10445,7,"No",4,4,6
29,"No","Travel_Rarely",28,4,2514,4,"No",1,1,5
28,"No","Travel_Rarely",3,2,7655,0,"No",2,3,7
46,"No","Travel_Rarely",3,3,17465,3,"No",4,3,9
38,"No","Travel_Rarely",2,2,7351,7,"No",3,2,0
43,"No","Travel_Frequently",27,1,10820,8,"No",3,1,7
39,"Yes","Travel_Frequently",2,4,12169,7,"No",4,4,7
39,"No","Non-Travel",9,2,6782,9,"No",3,2,4
36,"No","Non-Travel",18,4,7779,2,"No",1,0,9
31,"No","Travel_Frequently",20,4,2791,0,"No",1,4,2
35,"No","Travel_Frequently",11,4,4968,1,"No",4,3,2
34,"No","Travel_Frequently",2,3,4033,2,"No",4,3,2
29,"No","Travel_Frequently",10,2,3291,0,"No",4,2,5
38,"No","Travel_Rarely",1,3,2844,1,"No",4,2,6
18,"Yes","Non-Travel",8,3,1904,1,"No",4,0,0
33,"Yes","Travel_Rarely",9,1,8224,0,"Yes",1,3,2
41,"No","Travel_Rarely",12,4,4766,3,"Yes",1,4,0
31,"Yes","Travel_Frequently",15,3,2610,1,"No",3,5,2
34,"No","Travel_Rarely",9,3,5714,1,"No",1,3,5
35,"No","Travel_Rarely",8,3,4323,1,"No",2,2,4
40,"No","Travel_Frequently",9,3,13499,9,"No",3,3,7
42,"Yes","Travel_Frequently",12,1,13758,0,"Yes",2,2,9
42,"No","Travel_Rarely",4,1,5155,7,"No",4,3,4
24,"No","Travel_Rarely",24,2,3597,8,"No",4,2,3
28,"Yes","Travel_Rarely",12,4,2515,1,"Yes",4,4,1
26,"No","Travel_Rarely",3,4,4420,1,"No",2,2,7
32,"No","Non-Travel",2,1,2827,1,"No",3,3,0
56,"No","Travel_Rarely",4,1,19943,4,"No",4,2,2
29,"No","Travel_Rarely",6,4,3131,1,"No",1,5,8
19,"No","Travel_Rarely",9,1,2552,1,"No",3,4,1
45,"No","Travel_Rarely",7,3,4477,4,"Yes",3,2,2
44,"Yes","Travel_Rarely",10,3,2936,1,"Yes",3,4,4
53,"No","Travel_Rarely",7,3,18606,3,"No",2,6,7
46,"No","Travel_Rarely",2,1,17048,8,"No",1,2,15
33,"No","Travel_Rarely",2,3,3600,1,"No",4,2,4
30,"No","Travel_Rarely",29,1,4115,8,"No",3,3,3
40,"No","Travel_Frequently",2,2,4327,5,"No",4,2,0
50,"No","Travel_Frequently",2,1,17856,2,"No",3,3,2
46,"No","Travel_Rarely",15,2,19081,5,"No",1,2,2
35,"No","Travel_Rarely",17,1,8966,3,"Yes",4,2,7
24,"Yes","Travel_Rarely",17,2,2210,1,"No",1,3,0
33,"No","Travel_Frequently",25,3,4539,1,"No",1,3,7
30,"No","Travel_Rarely",7,3,3491,1,"No",1,4,7
44,"No","Travel_Rarely",29,4,4541,1,"No",2,3,11
20,"No","Travel_Rarely",21,4,2678,1,"No",4,2,1
46,"No","Travel_Rarely",2,4,7379,2,"No",3,3,3
42,"No","Non-Travel",2,1,6272,7,"No",1,3,3
60,"No","Travel_Rarely",7,4,5220,0,"Yes",2,3,7
32,"No","Travel_Frequently",2,3,4998,4,"Yes",4,2,7
33,"No","Travel_Rarely",9,4,2781,0,"No",2,5,10
25,"No","Travel_Rarely",10,4,4950,0,"No",2,4,3
30,"No","Travel_Rarely",1,2,3579,0,"Yes",1,2,9
42,"No","Travel_Frequently",26,1,13191,3,"Yes",3,6,0
27,"No","Travel_Rarely",14,1,2235,1,"Yes",4,3,7
54,"No","Travel_Frequently",1,3,10502,7,"No",1,2,4
44,"No","Travel_Rarely",2,4,2011,1,"No",4,5,5
29,"No","Travel_Rarely",1,4,3760,1,"No",1,5,2
54,"No","Travel_Rarely",3,4,17779,3,"No",1,2,9
31,"No","Travel_Rarely",11,1,6833,1,"Yes",4,2,5
36,"No","Travel_Frequently",3,2,3692,1,"No",3,2,10
48,"No","Travel_Rarely",2,2,2559,5,"No",3,4,0
27,"No","Travel_Rarely",4,3,2517,1,"No",2,2,3
29,"No","Travel_Rarely",7,4,6623,1,"Yes",2,2,0
34,"No","Travel_Rarely",20,3,2585,0,"No",4,5,0
44,"No","Travel_Rarely",5,2,18213,7,"No",3,5,9
33,"No","Travel_Rarely",10,3,8380,0,"Yes",4,3,8
19,"No","Travel_Rarely",25,4,2994,1,"Yes",4,2,0
23,"No","Travel_Rarely",1,3,1223,1,"No",4,2,0
26,"No","Travel_Rarely",4,4,2875,1,"Yes",2,2,5
34,"No","Travel_Rarely",2,1,4538,0,"Yes",4,3,2
51,"No","Travel_Frequently",9,2,19847,4,"Yes",1,5,10
59,"No","Travel_Rarely",18,4,10512,6,"No",4,6,7
34,"No","Travel_Frequently",19,2,4444,4,"No",3,2,8
28,"No","Travel_Frequently",1,3,2154,0,"Yes",3,2,2
44,"No","Travel_Rarely",4,1,19190,1,"No",4,4,9
35,"No","Travel_Rarely",6,3,3506,0,"Yes",4,3,2
42,"No","Travel_Rarely",7,2,2372,6,"Yes",4,2,0
36,"No","Travel_Rarely",2,2,5410,9,"Yes",4,2,14
44,"Yes","Travel_Rarely",15,4,7978,1,"No",4,2,7
30,"No","Non-Travel",9,3,4695,7,"Yes",3,3,4
29,"Yes","Travel_Rarely",7,3,3339,3,"Yes",1,2,7
28,"No","Travel_Rarely",1,1,2080,2,"No",2,2,2
25,"No","Travel_Rarely",1,2,2096,1,"No",4,3,2
32,"No","Travel_Rarely",8,4,6209,1,"No",3,4,7
45,"No","Travel_Frequently",25,2,18061,3,"No",3,4,0
58,"No","Travel_Rarely",23,3,2372,1,"No",4,3,2
32,"Yes","Travel_Rarely",7,3,4883,1,"No",1,3,4
39,"Yes","Travel_Rarely",23,1,3904,0,"No",1,2,2
36,"No","Travel_Rarely",10,3,7094,3,"No",1,0,7
46,"No","Travel_Rarely",1,1,3423,6,"No",3,3,6
50,"No","Travel_Rarely",28,1,16880,4,"Yes",2,2,2
52,"Yes","Travel_Rarely",5,2,8446,9,"Yes",3,2,7
30,"No","Travel_Rarely",17,1,11916,1,"Yes",4,2,1
39,"No","Travel_Rarely",18,3,4534,0,"No",1,6,7
31,"No","Non-Travel",2,3,9852,1,"Yes",1,5,8
31,"Yes","Travel_Frequently",1,2,2302,1,"Yes",1,2,2
44,"Yes","Travel_Rarely",3,1,2362,4,"No",3,4,2
42,"No","Non-Travel",2,3,17861,0,"Yes",4,3,8
56,"No","Travel_Rarely",8,2,19717,6,"No",1,4,3
40,"No","Non-Travel",16,3,3544,9,"No",2,0,2
34,"No","Travel_Rarely",9,4,8500,0,"No",4,0,7
40,"No","Travel_Rarely",2,4,4661,1,"No",3,4,8
41,"No","Travel_Frequently",1,1,4103,0,"No",4,2,3
35,"No","Travel_Frequently",4,3,4249,1,"Yes",2,3,6
51,"No","Travel_Rarely",5,2,14026,1,"Yes",2,2,9
38,"No","Travel_Rarely",2,1,6893,3,"No",4,3,7
34,"No","Travel_Rarely",15,1,6125,1,"No",4,6,8
25,"No","Travel_Rarely",19,4,3669,3,"No",3,6,2
40,"No","Travel_Rarely",1,2,2387,3,"No",3,3,2
36,"No","Travel_Frequently",7,1,4639,2,"No",4,2,7
48,"No","Travel_Rarely",4,4,7898,1,"No",3,2,9
27,"No","Travel_Rarely",11,4,2534,8,"No",2,4,0
18,"No","Non-Travel",1,4,1611,1,"No",3,5,0
55,"Yes","Travel_Rarely",13,3,13695,6,"Yes",3,2,7
56,"No","Travel_Rarely",23,2,13402,4,"Yes",1,0,16
40,"No","Travel_Rarely",2,3,6377,5,"No",2,0,11
34,"No","Travel_Rarely",29,3,5429,4,"No",1,1,7
35,"Yes","Travel_Frequently",18,3,4614,0,"Yes",3,0,2
38,"No","Travel_Frequently",7,3,2610,1,"No",4,2,2
34,"No","Travel_Rarely",2,4,6687,1,"No",4,2,11
31,"Yes","Travel_Rarely",22,3,6179,1,"Yes",4,3,2
51,"No","Travel_Frequently",2,2,10596,2,"No",2,5,2
41,"No","Travel_Frequently",22,4,5467,3,"Yes",1,4,2
37,"No","Travel_Rarely",4,3,2996,7,"Yes",4,2,4
33,"No","Travel_Frequently",5,4,9998,6,"No",1,2,4
32,"No","Travel_Rarely",2,2,4078,0,"Yes",1,3,2
39,"No","Non-Travel",25,3,10920,3,"No",2,2,4
25,"No","Travel_Rarely",18,3,6232,2,"No",2,3,2
52,"No","Travel_Frequently",28,3,13247,2,"Yes",2,3,3
27,"Yes","Travel_Rarely",17,3,2394,1,"Yes",4,2,2
42,"No","Travel_Rarely",10,1,16799,0,"No",3,5,7
52,"No","Travel_Rarely",8,1,2950,9,"No",3,2,4
37,"No","Travel_Rarely",11,3,3629,4,"No",1,6,2
35,"No","Travel_Frequently",18,4,9362,2,"No",3,2,2
25,"No","Travel_Rarely",1,4,3229,4,"No",2,2,2
26,"No","Travel_Rarely",7,1,3578,0,"No",4,2,7
29,"Yes","Travel_Frequently",14,4,7553,0,"Yes",1,1,7
54,"No","Travel_Rarely",1,4,17328,6,"No",4,3,7
58,"No","Travel_Rarely",1,1,19701,3,"Yes",3,3,8
55,"No","Travel_Rarely",1,4,14732,2,"No",4,4,7
36,"No","Travel_Rarely",3,2,9278,3,"Yes",4,3,4
30,"No","Travel_Rarely",7,1,4779,7,"No",2,3,2
31,"No","Travel_Rarely",8,2,16422,3,"No",3,3,2
34,"No","Travel_Frequently",1,1,2996,5,"No",3,2,3
27,"No","Travel_Rarely",11,1,2099,0,"No",2,3,0
47,"No","Travel_Rarely",1,4,3420,7,"No",3,2,5
37,"No","Non-Travel",5,3,3500,0,"No",1,2,5
56,"No","Travel_Rarely",1,1,2066,2,"No",4,3,2
47,"No","Travel_Rarely",2,3,17169,3,"No",2,2,17
24,"No","Travel_Rarely",4,3,4162,1,"Yes",3,3,4
32,"No","Travel_Rarely",7,4,9204,4,"No",3,3,3
41,"No","Travel_Rarely",5,3,2127,2,"Yes",1,5,2
40,"No","Non-Travel",9,3,3975,3,"No",3,2,7
31,"No","Travel_Rarely",8,4,10793,1,"No",1,5,7
46,"Yes","Travel_Rarely",9,4,10096,4,"No",1,1,7
31,"Yes","Travel_Frequently",1,2,7446,1,"No",1,2,8
31,"No","Travel_Rarely",8,2,2109,9,"No",4,3,2
31,"Yes","Travel_Frequently",2,4,3722,6,"Yes",3,2,2
45,"No","Travel_Rarely",29,4,9380,4,"Yes",4,4,1
48,"No","Travel_Rarely",7,1,5486,4,"No",1,3,2
34,"Yes","Travel_Rarely",9,3,2742,1,"No",4,0,2
28,"No","Travel_Rarely",5,1,8463,0,"No",4,4,4
53,"No","Travel_Rarely",2,2,16598,4,"No",2,2,8
49,"No","Travel_Rarely",5,3,6651,2,"No",2,0,2
40,"No","Travel_Rarely",2,3,2345,2,"No",3,3,1
44,"No","Travel_Rarely",20,2,3420,1,"No",3,3,2
33,"No","Travel_Frequently",7,1,4373,0,"No",1,2,3
30,"No","Travel_Rarely",16,3,5301,8,"No",3,2,1
42,"No","Travel_Frequently",9,4,3673,1,"No",3,3,9
44,"No","Travel_Frequently",1,3,4768,7,"No",3,4,0
30,"No","Non-Travel",7,3,1274,1,"No",2,2,0
57,"No","Travel_Rarely",1,3,4900,0,"No",1,2,9
49,"No","Travel_Rarely",7,2,10466,3,"No",2,3,7
34,"No","Travel_Frequently",15,1,17007,7,"No",4,3,8
28,"Yes","Travel_Frequently",1,3,2909,3,"No",4,3,2
29,"Yes","Travel_Frequently",13,2,5765,5,"No",1,4,3
35,"No","Travel_Rarely",7,3,2404,1,"No",1,3,0
24,"Yes","Travel_Frequently",9,1,3172,2,"Yes",3,2,0
24,"No","Non-Travel",13,2,2033,1,"No",3,2,0
44,"No","Travel_Frequently",2,3,10209,5,"Yes",2,2,2
30,"No","Travel_Rarely",1,3,2064,0,"No",1,3,3
55,"No","Travel_Rarely",4,3,4035,0,"Yes",2,2,2
47,"No","Travel_Rarely",14,3,4591,3,"Yes",3,4,4
28,"No","Travel_Frequently",7,1,4898,0,"No",4,5,2
29,"No","Travel_Frequently",2,2,3180,0,"No",3,3,2
33,"No","Travel_Rarely",8,3,6388,2,"Yes",1,6,0
32,"No","Travel_Rarely",10,4,11244,2,"No",2,5,2
54,"No","Travel_Frequently",11,4,16032,3,"No",1,2,9
44,"No","Travel_Rarely",28,1,16328,3,"No",3,1,6
39,"No","Travel_Rarely",6,2,8376,4,"No",4,3,0
46,"No","Travel_Rarely",3,2,16606,8,"No",4,2,12
23,"No","Travel_Rarely",20,3,2272,0,"No",2,2,3
40,"Yes","Travel_Rarely",9,1,2018,3,"No",2,3,4
31,"Yes","Travel_Frequently",3,3,4084,1,"No",1,2,2
34,"No","Travel_Rarely",7,3,2308,0,"Yes",2,4,10
37,"No","Travel_Rarely",13,4,4285,1,"No",1,2,8
45,"No","Travel_Rarely",28,4,2132,4,"No",4,3,4
42,"No","Travel_Frequently",2,4,10124,2,"Yes",3,3,8
40,"No","Travel_Rarely",9,1,5473,0,"No",4,5,4
33,"No","Travel_Rarely",28,3,5207,1,"Yes",2,3,14
40,"No","Travel_Rarely",6,4,16437,1,"Yes",4,2,7
40,"No","Non-Travel",8,4,4069,3,"Yes",3,2,2
45,"No","Travel_Rarely",1,2,7441,1,"No",1,4,8
36,"No","Travel_Rarely",2,4,2644,3,"Yes",4,3,2
48,"No","Travel_Rarely",16,3,6439,8,"No",3,2,7
29,"No","Travel_Rarely",9,3,2451,6,"No",1,2,0
33,"No","Travel_Rarely",8,1,6392,2,"No",4,6,2
38,"No","Travel_Frequently",10,3,6077,3,"No",3,2,3
30,"No","Travel_Rarely",29,2,9250,3,"No",2,3,2
35,"Yes","Travel_Rarely",2,1,2074,1,"Yes",4,2,0
38,"Yes","Travel_Rarely",2,2,4855,4,"No",1,2,2
32,"No","Non-Travel",1,1,4087,4,"No",2,3,5
48,"No","Travel_Rarely",15,1,2367,8,"No",4,3,2
34,"No","Travel_Rarely",7,4,2972,1,"No",3,4,0
34,"No","Travel_Rarely",1,4,5484,9,"No",2,3,2
26,"No","Travel_Rarely",3,4,2061,1,"No",1,5,0
38,"No","Travel_Rarely",14,2,9924,0,"No",4,3,8
38,"No","Travel_Rarely",16,2,4198,2,"No",2,5,2
36,"No","Travel_Rarely",1,3,6815,6,"No",1,5,0
29,"No","Travel_Rarely",3,1,4723,1,"Yes",4,3,9
35,"No","Travel_Rarely",10,3,6142,3,"Yes",3,4,2
39,"No","Travel_Rarely",6,3,8237,2,"No",1,3,6
29,"No","Travel_Frequently",2,4,8853,1,"No",4,0,4
50,"No","Travel_Rarely",9,3,19331,4,"Yes",3,2,0
23,"No","Travel_Rarely",10,3,2073,2,"No",4,2,2
36,"No","Travel_Frequently",6,1,5562,3,"Yes",4,3,2
35,"No","Travel_Rarely",28,3,3407,1,"No",4,3,9
40,"No","Travel_Rarely",14,1,4639,1,"No",3,2,4
43,"No","Travel_Rarely",27,2,4876,5,"No",3,0,4
46,"No","Travel_Rarely",1,1,17567,1,"No",2,5,0
28,"Yes","Travel_Rarely",24,2,2408,1,"Yes",3,3,1
50,"No","Travel_Frequently",20,3,11245,2,"Yes",3,3,8
32,"No","Travel_Rarely",5,4,3312,3,"No",4,3,2
44,"No","Travel_Rarely",7,4,19049,0,"Yes",4,4,7
31,"No","Travel_Frequently",2,1,5332,7,"No",4,3,2
36,"No","Travel_Rarely",12,3,4663,9,"Yes",2,2,2
34,"No","Travel_Frequently",10,4,4724,1,"No",1,3,7
49,"No","Travel_Rarely",25,1,3211,1,"No",4,3,6
39,"No","Travel_Rarely",10,1,5377,2,"No",4,3,7
35,"No","Travel_Rarely",18,1,5208,1,"No",4,2,15
21,"No","Travel_Rarely",5,4,3117,1,"No",3,2,2
18,"Yes","Travel_Frequently",3,4,1569,1,"Yes",3,2,0
47,"No","Travel_Rarely",26,3,19658,3,"No",3,2,2
35,"No","Non-Travel",8,3,4148,1,"No",4,5,11
37,"No","Travel_Rarely",19,3,5768,3,"No",1,2,3
39,"No","Travel_Frequently",4,3,5042,0,"No",4,2,2
37,"No","Travel_Rarely",10,2,3936,1,"No",1,2,4
40,"No","Travel_Rarely",16,4,7945,6,"Yes",4,2,2
44,"No","Travel_Frequently",1,4,5743,4,"Yes",3,3,7
24,"No","Travel_Frequently",2,4,3760,1,"Yes",3,2,3
27,"No","Travel_Rarely",8,3,3517,7,"No",1,0,2
27,"No","Travel_Frequently",2,4,2580,2,"No",3,0,2
40,"Yes","Travel_Rarely",7,1,2166,3,"Yes",2,3,2
36,"No","Travel_Rarely",5,1,8008,4,"No",3,6,2
25,"No","Travel_Frequently",2,3,5206,1,"No",3,6,7
39,"No","Travel_Rarely",12,2,5295,4,"No",3,3,4
49,"No","Travel_Rarely",22,2,16413,3,"No",2,2,2
20,"No","Travel_Rarely",2,3,2783,1,"No",1,3,2
34,"No","Travel_Rarely",3,2,5433,1,"No",3,2,8
36,"No","Travel_Rarely",7,2,2013,2,"No",3,4,3
36,"No","Travel_Rarely",3,1,6842,6,"No",1,3,4
54,"No","Travel_Rarely",22,3,17426,3,"No",3,6,8
35,"Yes","Travel_Frequently",12,4,4581,3,"Yes",1,2,9
38,"No","Travel_Frequently",1,4,4735,7,"No",4,4,11
33,"No","Travel_Rarely",2,4,5505,1,"No",3,5,2
32,"No","Travel_Rarely",2,2,5470,0,"No",3,4,5
31,"No","Travel_Rarely",5,4,5476,1,"No",1,2,0
49,"No","Travel_Rarely",16,1,2587,4,"Yes",2,2,2
47,"No","Travel_Rarely",2,2,15972,6,"No",3,2,2
49,"No","Travel_Rarely",1,3,15379,4,"No",1,2,7
41,"No","Travel_Rarely",23,3,7082,3,"Yes",4,2,0
20,"No","Travel_Rarely",9,1,2728,1,"No",1,3,2
33,"No","Non-Travel",16,4,5368,1,"Yes",3,2,5
36,"No","Travel_Rarely",26,3,5347,6,"No",2,2,2
44,"No","Travel_Rarely",1,4,3195,4,"Yes",1,2,2
38,"No","Travel_Rarely",4,3,3306,7,"No",4,5,0
53,"No","Travel_Rarely",24,4,7005,3,"No",3,2,3
48,"Yes","Travel_Frequently",7,3,2655,2,"Yes",3,3,7
32,"Yes","Travel_Rarely",2,2,1393,1,"No",1,2,0
26,"No","Non-Travel",7,4,2570,1,"No",3,5,7
33,"No","Travel_Rarely",21,2,2028,1,"No",4,6,11
23,"Yes","Travel_Rarely",7,4,2275,1,"Yes",2,2,2
44,"No","Travel_Rarely",2,4,7879,1,"Yes",2,2,7
43,"No","Travel_Rarely",2,4,7847,1,"Yes",1,3,9
24,"No","Travel_Rarely",9,3,4401,1,"No",4,1,3
41,"No","Travel_Rarely",6,3,9241,1,"No",2,3,8
29,"No","Travel_Rarely",9,3,2974,9,"No",3,2,3
36,"No","Travel_Rarely",2,4,4502,3,"No",3,2,7
32,"No","Travel_Frequently",10,3,3433,6,"No",1,3,2
31,"No","Travel_Rarely",2,3,3477,1,"No",4,2,2
40,"No","Travel_Rarely",8,1,6516,2,"Yes",2,3,0
24,"No","Travel_Rarely",29,1,3907,1,"No",2,2,2
46,"No","Travel_Rarely",13,2,5562,6,"No",4,3,7
35,"No","Travel_Rarely",27,3,6883,2,"No",2,3,7
30,"No","Travel_Rarely",16,4,2862,1,"No",2,2,0
47,"No","Non-Travel",2,2,4978,7,"No",4,3,0
46,"No","Travel_Rarely",2,4,10368,4,"Yes",2,5,6
23,"No","Travel_Rarely",4,2,3295,1,"No",3,3,2
31,"No","Travel_Frequently",24,4,5238,2,"No",4,3,4
39,"No","Non-Travel",1,4,6472,1,"Yes",4,2,8
40,"No","Travel_Rarely",7,2,19833,1,"No",2,3,8
24,"No","Travel_Frequently",10,4,2145,0,"No",4,2,2
31,"No","Travel_Rarely",5,3,8346,1,"No",3,3,2
27,"No","Travel_Rarely",8,4,3445,1,"No",3,5,2
29,"No","Travel_Frequently",1,3,6294,8,"Yes",4,5,2
34,"No","Travel_Rarely",2,4,2932,0,"Yes",1,3,0
33,"No","Non-Travel",2,2,5147,8,"No",4,2,7
49,"No","Travel_Rarely",11,4,4507,3,"No",3,1,1
33,"Yes","Travel_Rarely",16,1,8564,2,"Yes",3,2,0
31,"Yes","Travel_Rarely",16,3,8161,2,"No",1,2,0
30,"No","Travel_Rarely",16,3,5294,3,"No",3,3,0
32,"No","Non-Travel",5,2,2718,2,"No",2,3,7
42,"No","Travel_Rarely",12,2,2766,8,"No",2,6,3
33,"No","Non-Travel",4,2,3055,5,"No",4,2,8
41,"No","Travel_Rarely",9,1,2289,1,"No",2,2,3
34,"No","Non-Travel",10,3,4001,1,"Yes",3,3,14
43,"No","Travel_Rarely",2,4,3539,0,"No",2,5,7
21,"Yes","Travel_Rarely",7,2,2679,1,"No",2,3,0
22,"Yes","Travel_Rarely",8,1,2398,1,"Yes",3,6,0
51,"No","Travel_Rarely",3,3,13116,2,"No",4,2,2
46,"No","Travel_Rarely",2,4,19328,7,"Yes",3,3,1
36,"No","Travel_Rarely",10,1,8321,7,"Yes",4,1,8
44,"Yes","Travel_Frequently",1,2,2342,1,"Yes",3,2,3
37,"No","Travel_Rarely",8,2,4071,2,"No",3,4,0
35,"Yes","Travel_Rarely",27,4,5813,1,"Yes",4,2,7
33,"No","Travel_Rarely",8,1,3143,6,"No",2,1,8
28,"No","Travel_Rarely",1,4,2044,1,"No",3,6,3
39,"No","Travel_Rarely",10,3,13464,7,"No",3,3,3
40,"No","Travel_Rarely",2,1,3377,4,"No",4,5,3
42,"No","Travel_Rarely",13,1,5538,5,"No",3,2,0
35,"No","Non-Travel",2,4,5762,2,"No",3,6,7
38,"No","Non-Travel",2,2,2592,5,"No",4,3,10
34,"Yes","Travel_Frequently",9,1,5346,4,"No",3,3,1
37,"Yes","Travel_Rarely",10,1,4213,1,"No",2,4,3
39,"No","Travel_Frequently",20,4,4127,2,"No",4,6,1
43,"No","Non-Travel",9,3,2438,4,"No",3,2,2
41,"No","Travel_Rarely",5,2,6870,3,"No",1,3,2
41,"No","Travel_Rarely",4,3,10447,0,"Yes",4,3,14
30,"No","Travel_Rarely",10,3,9667,9,"No",2,3,7
26,"Yes","Travel_Rarely",20,2,2148,0,"Yes",3,3,1
46,"Yes","Travel_Rarely",21,2,8926,4,"No",4,2,7
40,"No","Travel_Rarely",1,4,6513,4,"No",4,3,3
34,"No","Travel_Rarely",8,3,6799,1,"No",3,5,8
58,"No","Non-Travel",2,2,16291,4,"No",4,0,9
40,"No","Travel_Rarely",12,1,4448,2,"No",2,3,4
54,"No","Travel_Rarely",7,4,6854,4,"No",2,2,1
31,"No","Travel_Frequently",7,1,9637,2,"No",4,3,2
28,"No","Travel_Rarely",1,1,3591,1,"No",3,3,2
26,"No","Travel_Rarely",10,4,4684,1,"No",1,4,3
58,"No","Travel_Frequently",15,3,15787,2,"Yes",2,3,2
18,"No","Non-Travel",14,3,1514,1,"No",3,4,0
31,"Yes","Travel_Rarely",18,1,2956,0,"No",3,4,0
45,"No","Non-Travel",2,3,5154,4,"No",2,3,7
36,"No","Travel_Rarely",2,2,6962,4,"Yes",4,2,0
43,"No","Travel_Frequently",2,4,5675,1,"No",3,5,7
27,"No","Travel_Frequently",5,4,2379,0,"Yes",3,3,4
29,"No","Travel_Frequently",20,4,3812,1,"No",2,3,8
32,"No","Travel_Frequently",10,4,4648,8,"No",3,2,0
42,"No","Non-Travel",10,3,2936,3,"No",2,1,3
47,"No","Travel_Rarely",9,3,2105,4,"No",3,2,2
46,"No","Travel_Rarely",2,4,8578,3,"No",3,4,8
28,"No","Non-Travel",1,4,2706,1,"No",2,2,2
42,"No","Travel_Rarely",8,3,3968,4,"No",4,3,0
46,"No","Travel_Rarely",3,1,13225,2,"No",4,5,17
46,"Yes","Travel_Rarely",10,2,7314,5,"No",3,2,7
39,"No","Travel_Rarely",19,4,3902,8,"No",2,2,2
28,"No","Travel_Rarely",3,2,2856,1,"No",4,3,0
30,"Yes","Travel_Rarely",9,4,1081,1,"No",3,3,0
22,"Yes","Travel_Rarely",7,2,2472,1,"Yes",1,2,0
31,"No","Travel_Rarely",20,3,4197,1,"No",1,2,8
34,"No","Travel_Rarely",4,4,9713,2,"Yes",4,3,3
29,"No","Travel_Rarely",7,1,2062,3,"No",2,2,2
37,"No","Travel_Rarely",7,1,4284,5,"Yes",3,2,3
40,"No","Travel_Rarely",1,1,16823,2,"No",1,3,7
27,"No","Travel_Rarely",2,3,6500,0,"No",2,5,7
48,"No","Travel_Frequently",22,4,17174,3,"No",2,3,17
44,"No","Travel_Rarely",1,1,5033,2,"No",4,5,0
56,"Yes","Travel_Rarely",24,4,2587,1,"No",4,3,2
41,"No","Travel_Rarely",8,2,4393,5,"No",3,3,4
42,"No","Travel_Rarely",6,1,13348,9,"No",2,3,7
31,"No","Travel_Rarely",10,4,6583,2,"Yes",4,2,2
31,"No","Travel_Rarely",4,3,3978,8,"No",2,0,2
26,"No","Travel_Frequently",6,4,2544,0,"No",1,3,7
45,"No","Travel_Frequently",1,3,5399,4,"No",3,3,2
33,"No","Travel_Rarely",10,3,5487,1,"No",2,2,4
29,"Yes","Travel_Frequently",24,1,1091,1,"No",4,3,0
27,"No","Travel_Rarely",2,2,2226,1,"No",3,3,3
28,"Yes","Travel_Rarely",13,3,9854,3,"Yes",4,0,0
47,"No","Non-Travel",14,2,5467,8,"No",3,4,7
39,"No","Travel_Rarely",9,1,5151,1,"No",4,3,0
58,"No","Travel_Rarely",21,4,17875,4,"Yes",3,2,0
32,"Yes","Travel_Frequently",5,3,2432,3,"Yes",1,2,1
38,"No","Travel_Rarely",9,4,4771,2,"No",4,0,2
49,"No","Travel_Frequently",2,4,19161,3,"No",4,3,4
42,"No","Travel_Rarely",12,4,5087,3,"Yes",3,4,0
35,"No","Travel_Rarely",18,1,5561,0,"No",4,2,3
28,"No","Non-Travel",16,3,2144,1,"No",3,3,3
31,"No","Non-Travel",3,1,3065,1,"Yes",4,3,2
36,"No","Non-Travel",9,2,2810,1,"No",2,3,4
34,"No","Travel_Rarely",1,4,9888,1,"No",1,3,8
34,"No","Travel_Rarely",13,3,8628,1,"No",3,2,7
26,"No","Travel_Rarely",1,1,2867,0,"No",4,6,7
29,"No","Travel_Rarely",1,1,5373,0,"No",1,5,3
32,"No","Non-Travel",15,4,6667,5,"No",2,6,1
35,"No","Travel_Rarely",7,4,5204,1,"Yes",4,2,8
27,"No","Travel_Rarely",9,4,4105,1,"No",1,5,7
31,"Yes","Travel_Frequently",26,4,5617,1,"Yes",3,4,7
53,"Yes","Travel_Rarely",24,1,10448,6,"Yes",2,2,2
54,"No","Travel_Rarely",9,3,2897,3,"No",3,6,3
33,"No","Travel_Frequently",7,3,5968,1,"No",3,2,7
43,"No","Travel_Rarely",11,3,7510,1,"No",2,1,9
38,"No","Travel_Frequently",1,2,2991,0,"Yes",2,2,2
55,"No","Travel_Rarely",26,2,19636,4,"Yes",1,0,9
39,"No","Travel_Rarely",15,1,13341,0,"No",1,3,8
31,"No","Non-Travel",10,3,11031,4,"No",3,2,7
54,"No","Travel_Rarely",10,1,4440,6,"Yes",4,3,2
23,"No","Travel_Rarely",12,4,2647,1,"No",3,6,2
40,"No","Travel_Frequently",11,3,6323,1,"No",1,2,9
40,"No","Travel_Rarely",2,2,5677,3,"No",3,4,8
25,"No","Travel_Rarely",2,2,2187,4,"No",3,3,0
30,"No","Travel_Rarely",1,2,3748,1,"No",3,6,8
25,"No","Travel_Rarely",2,3,3977,6,"Yes",3,2,2
47,"No","Travel_Rarely",25,3,8633,2,"No",2,3,14
38,"No","Travel_Rarely",1,2,4440,0,"No",1,3,13
31,"No","Travel_Rarely",2,3,3067,0,"No",3,1,2
42,"No","Travel_Rarely",18,1,5410,6,"Yes",3,3,3
41,"No","Travel_Rarely",1,4,2782,3,"No",1,3,3
47,"No","Non-Travel",1,2,11957,0,"No",1,3,8
35,"No","Travel_Rarely",11,3,2660,7,"Yes",3,3,2
22,"No","Travel_Rarely",1,3,3375,0,"No",4,2,2
35,"No","Travel_Rarely",9,3,5098,1,"No",2,5,7
33,"No","Travel_Rarely",15,4,4878,0,"Yes",1,6,7
40,"No","Travel_Rarely",1,4,2406,8,"No",3,3,0
39,"No","Travel_Rarely",24,4,4108,7,"No",1,2,7
32,"No","Travel_Rarely",1,4,10422,1,"No",3,3,10
37,"No","Travel_Rarely",10,4,13744,1,"Yes",1,2,11
25,"No","Travel_Rarely",8,3,4907,0,"Yes",2,3,3
52,"No","Non-Travel",29,4,3482,2,"No",2,3,8
44,"No","Travel_Rarely",1,4,2436,6,"Yes",3,2,3
21,"No","Travel_Rarely",5,1,2380,1,"Yes",4,6,2
39,"No","Non-Travel",9,4,19431,2,"No",3,3,0
23,"Yes","Travel_Frequently",9,1,1790,1,"No",1,3,0
36,"No","Travel_Frequently",4,2,5131,7,"No",2,3,2
56,"No","Non-Travel",1,3,6306,1,"No",1,2,12
29,"Yes","Travel_Rarely",1,4,4787,9,"Yes",2,3,2
42,"No","Travel_Rarely",2,3,18880,5,"No",1,2,6
56,"Yes","Travel_Rarely",7,3,2339,8,"No",4,4,9
32,"No","Travel_Rarely",2,1,2439,1,"No",4,4,2
35,"No","Travel_Rarely",26,4,8837,1,"Yes",3,2,0
38,"No","Travel_Rarely",10,4,5343,1,"No",3,1,7
50,"Yes","Travel_Frequently",1,3,6728,7,"No",4,3,3
45,"No","Travel_Rarely",20,3,4850,8,"No",3,3,3
35,"No","Travel_Frequently",18,3,5689,1,"Yes",4,2,2
40,"No","Travel_Rarely",2,3,2001,2,"No",2,2,3
31,"No","Non-Travel",5,1,9936,0,"No",2,2,4
36,"No","Travel_Frequently",23,4,2571,4,"No",3,3,2
27,"No","Travel_Rarely",4,2,6142,1,"Yes",2,0,2
34,"No","Travel_Rarely",8,3,4404,2,"No",1,3,3
